      1  t, AE, 109, 5
      1  t, AE, 174, 7
      1  t, AE, 179, 7
      1  t, AE, 23, 1
      1  t, AE, 44, 7
      1  t, AE, 56, 3
      1  t, AE, 97, 6
      1  t, AG, 117, 8
      1  t, AG, 158, 2
      1  t, AG, 181, 1
      1  t, AG, 183, 3
      1  t, AG, 24, 7
      1  t, AG, 78, 3
      1  t, AG, 8, 5
      1  t, AG, 87, 4
      1  t, AG, 90, 5
      1  t, AR, 117, 8
      1  t, AR, 11, 8
      1  t, AR, 159, 2
      1  t, AR, 171, 4
      1  t, AR, 178, 7
      1  t, AR, 64, 3
      1  t, AR, 68, 8
      1  t, AR, 73, 2
      1  t, AR, 89, 1
      1  t, AR, 93, 3
      1  t, AR, 99, 2
      1  t, BT, 12, 2
      1  t, BT, 130, 7
      1  t, BT, 155, 7
      1  t, BT, 159, 2
      1  t, BT, 163, 4
      1  t, BT, 16, 7
      1  t, BT, 193, 7
      1  t, BT, 3, 2
      1  t, BT, 37, 3
      1  t, BT, 49, 3
      1  t, BT, 54, 7
      1  t, BT, 66, 5
      1  t, BT, 73, 2
      1  t, BT, 7, 5
      1  t, BT, 78, 3
      1  t, BT, 79, 8
      1  t, BT, 8, 5
      1  t, BT, 97, 6
      1  t, CE, 10, 3
      1  t, CE, 113, 1
      1  t, CE, 116, 3
      1  t, CE, 126, 2
      1  t, CE, 127, 2
      1  t, CE, 133, 7
      1  t, CE, 144, 7
      1  t, CE, 154, 8
      1  t, CE, 158, 2
      1  t, CE, 161, 1
      1  t, CE, 163, 4
      1  t, CE, 16, 7
      1  t, CE, 168, 8
      1  t, CE, 170, 6
      1  t, CE, 182, 7
      1  t, CE, 188, 7
      1  t, CE, 194, 8
      1  t, CE, 20, 1
      1  t, CE, 22, 6
      1  t, CE, 32, 6
      1  t, CE, 37, 3
      1  t, CE, 40, 1
      1  t, CE, 51, 7
      1  t, CE, 61, 7
      1  t, CE, 63, 7
      1  t, CE, 69, 1
      1  t, CE, 72, 1
      1  t, CE, 74, 1
      1  t, CE, 84, 4
      1  t, CE, 9, 1
      1  t, CE, 94, 7
      1  t, CE, 96, 7
      1  t, CH, 105, 1
      1  t, CH, 114, 1
      1  t, CH, 121, 1
      1  t, CH, 124, 7
      1  t, CH, 127, 2
      1  t, CH, 132, 8
      1  t, CH, 14, 2
      1  t, CH, 147, 6
      1  t, CH, 149, 2
      1  t, CH, 15, 1
      1  t, CH, 153, 6
      1  t, CH, 159, 2
      1  t, CH, 162, 3
      1  t, CH, 168, 8
      1  t, CH, 171, 4
      1  t, CH, 17, 4
      1  t, CH, 184, 3
      1  t, CH, 186, 2
      1  t, CH, 189, 6
      1  t, CH, 19, 2
      1  t, CH, 192, 6
      1  t, CH, 201, 6
      1  t, CH, 21, 3
      1  t, CH, 25, 5
      1  t, CH, 31, 6
      1  t, CH, 3, 2
      1  t, CH, 34, 6
      1  t, CH, 38, 6
      1  t, CH, 45, 7
      1  t, CH, 46, 6
      1  t, CH, 48, 8
      1  t, CH, 49, 3
      1  t, CH, 5, 3
      1  t, CH, 55, 7
      1  t, CH, 57, 2
      1  t, CH, 66, 5
      1  t, CH, 70, 3
      1  t, CH, 80, 2
      1  t, CH, 84, 4
      1  t, CH, 86, 6
      1  t, CS, 102, 3
      1  t, CS, 104, 1
      1  t, CS, 112, 2
      1  t, CS, 113, 1
      1  t, CS, 130, 7
      1  t, CS, 137, 8
      1  t, CS, 138, 8
      1  t, CS, 139, 8
      1  t, CS, 14, 2
      1  t, CS, 149, 2
      1  t, CS, 153, 6
      1  t, CS, 154, 8
      1  t, CS, 156, 6
      1  t, CS, 161, 1
      1  t, CS, 163, 4
      1  t, CS, 166, 8
      1  t, CS, 170, 6
      1  t, CS, 175, 7
      1  t, CS, 176, 7
      1  t, CS, 177, 1
      1  t, CS, 182, 7
      1  t, CS, 183, 3
      1  t, CS, 190, 7
      1  t, CS, 191, 7
      1  t, CS, 22, 6
      1  t, CS, 24, 7
      1  t, CS, 27, 1
      1  t, CS, 29, 6
      1  t, CS, 30, 2
      1  t, CS, 32, 6
      1  t, CS, 36, 1
      1  t, CS, 40, 1
      1  t, CS, 43, 7
      1  t, CS, 44, 7
      1  t, CS, 47, 1
      1  t, CS, 51, 7
      1  t, CS, 5, 3
      1  t, CS, 53, 6
      1  t, CS, 68, 8
      1  t, CS, 69, 1
      1  t, CS, 75, 4
      1  t, CS, 89, 1
      1  t, CS, 93, 3
      1  t, CY, 119, 2
      1  t, CY, 121, 1
      1  t, CY, 123, 2
      1  t, CY, 130, 7
      1  t, CY, 141, 4
      1  t, CY, 144, 7
      1  t, CY, 147, 6
      1  t, CY, 148, 6
      1  t, CY, 158, 2
      1  t, CY, 170, 6
      1  t, CY, 173, 7
      1  t, CY, 17, 4
      1  t, CY, 176, 7
      1  t, CY, 178, 7
      1  t, CY, 193, 7
      1  t, CY, 2, 5
      1  t, CY, 25, 5
      1  t, CY, 27, 1
      1  t, CY, 30, 2
      1  t, CY, 32, 6
      1  t, CY, 44, 7
      1  t, CY, 46, 6
      1  t, CY, 53, 6
      1  t, CY, 54, 7
      1  t, CY, 64, 3
      1  t, CY, 65, 4
      1  t, CY, 67, 8
      1  t, CY, 70, 3
      1  t, CY, 71, 6
      1  t, CY, 72, 1
      1  t, CY, 76, 3
      1  t, CY, 80, 2
      1  t, EC, 106, 1
      1  t, EC, 115, 1
      1  t, EC, 116, 3
      1  t, EC, 11, 8
      1  t, EC, 118, 8
      1  t, EC, 120, 1
      1  t, EC, 133, 7
      1  t, EC, 135, 1
      1  t, EC, 142, 1
      1  t, EC, 145, 1
      1  t, EC, 151, 2
      1  t, EC, 158, 2
      1  t, EC, 160, 4
      1  t, EC, 162, 3
      1  t, EC, 168, 8
      1  t, EC, 173, 7
      1  t, EC, 18, 1
      1  t, EC, 182, 7
      1  t, EC, 183, 3
      1  t, EC, 28, 1
      1  t, EC, 31, 6
      1  t, EC, 40, 1
      1  t, EC, 45, 7
      1  t, EC, 67, 8
      1  t, EC, 71, 6
      1  t, EC, 83, 3
      1  t, EC, 87, 4
      1  t, EC, 88, 1
      1  t, EC, 91, 7
      1  t, EC, 93, 3
      1  t, EC, 94, 7
      1  t, EC, 95, 1
      1  t, EE, 10, 3
      1  t, EE, 104, 1
      1  t, EE, 112, 2
      1  t, EE, 113, 1
      1  t, EE, 121, 1
      1  t, EE, 126, 2
      1  t, EE, 128, 2
      1  t, EE, 129, 1
      1  t, EE, 130, 7
      1  t, EE, 134, 1
      1  t, EE, 137, 8
      1  t, EE, 13, 8
      1  t, EE, 140, 8
      1  t, EE, 142, 1
      1  t, EE, 149, 2
      1  t, EE, 154, 8
      1  t, EE, 162, 3
      1  t, EE, 163, 4
      1  t, EE, 166, 8
      1  t, EE, 172, 2
      1  t, EE, 173, 7
      1  t, EE, 175, 7
      1  t, EE, 176, 7
      1  t, EE, 184, 3
      1  t, EE, 24, 7
      1  t, EE, 26, 8
      1  t, EE, 27, 1
      1  t, EE, 5, 3
      1  t, EE, 56, 3
      1  t, EE, 57, 2
      1  t, EE, 58, 4
      1  t, EE, 60, 2
      1  t, EE, 62, 1
      1  t, EE, 72, 1
      1  t, EE, 79, 8
      1  t, EE, 84, 4
      1  t, EE, 86, 6
      1  t, EE, 89, 1
      1  t, EE, 93, 3
      1  t, EY, 119, 2
      1  t, EY, 144, 7
      1  t, EY, 158, 2
      1  t, EY, 17, 4
      1  t, EY, 50, 4
      1  t, EY, 57, 2
      1  t, GG, 109, 5
      1  t, GG, 117, 8
      1  t, GG, 119, 2
      1  t, GG, 121, 1
      1  t, GG, 150, 6
      1  t, GG, 15, 1
      1  t, GG, 159, 2
      1  t, GG, 167, 2
      1  t, GG, 192, 6
      1  t, GG, 41, 7
      1  t, GG, 49, 3
      1  t, GG, 50, 4
      1  t, GG, 77, 5
      1  t, GG, 8, 5
      1  t, IN, 102, 3
      1  t, IN, 105, 1
      1  t, IN, 127, 2
      1  t, IN, 132, 8
      1  t, IN, 137, 8
      1  t, IN, 1, 4
      1  t, IN, 150, 6
      1  t, IN, 153, 6
      1  t, IN, 154, 8
      1  t, IN, 159, 2
      1  t, IN, 162, 3
      1  t, IN, 163, 4
      1  t, IN, 169, 2
      1  t, IN, 171, 4
      1  t, IN, 186, 2
      1  t, IN, 187, 5
      1  t, IN, 192, 6
      1  t, IN, 39, 8
      1  t, IN, 4, 2
      1  t, IN, 46, 6
      1  t, IN, 49, 3
      1  t, IN, 50, 4
      1  t, IN, 5, 3
      1  t, IN, 56, 3
      1  t, IN, 57, 2
      1  t, IN, 63, 7
      1  t, IN, 70, 3
      1  t, IN, 77, 5
      1  t, IN, 78, 3
      1  t, IN, 80, 2
      1  t, IN, 84, 4
      1  t, IN, 8, 5
      1  t, IN, 85, 7
      1  t, IN, 90, 5
      1  t, IN, 96, 7
      1  t, MA, 100, 6
      1  t, MA, 104, 1
      1  t, MA, 105, 1
      1  t, MA, 109, 5
      1  t, MA, 117, 8
      1  t, MA, 119, 2
      1  t, MA, 140, 8
      1  t, MA, 146, 2
      1  t, MA, 159, 2
      1  t, MA, 167, 2
      1  t, MA, 22, 6
      1  t, MA, 2, 5
      1  t, MA, 25, 5
      1  t, MA, 3, 2
      1  t, MA, 41, 7
      1  t, MA, 49, 3
      1  t, MA, 67, 8
      1  t, MA, 71, 6
      1  t, MA, 7, 5
      1  t, MA, 87, 4
      1  t, MA, 97, 6
      1  t, ME, 101, 1
      1  t, ME, 103, 1
      1  t, ME, 120, 1
      1  t, ME, 125, 7
      1  t, ME, 129, 1
      1  t, ME, 130, 7
      1  t, ME, 136, 3
      1  t, ME, 13, 8
      1  t, ME, 139, 8
      1  t, ME, 155, 7
      1  t, ME, 156, 6
      1  t, ME, 165, 8
      1  t, ME, 171, 4
      1  t, ME, 174, 7
      1  t, ME, 18, 1
      1  t, ME, 181, 1
      1  t, ME, 190, 7
      1  t, ME, 194, 8
      1  t, ME, 21, 3
      1  t, ME, 24, 7
      1  t, ME, 28, 1
      1  t, ME, 30, 2
      1  t, ME, 35, 2
      1  t, ME, 37, 3
      1  t, ME, 51, 7
      1  t, ME, 60, 2
      1  t, ME, 61, 7
      1  t, ME, 81, 3
      1  t, ME, 84, 4
      1  t, ME, 89, 1
      1  t, ME, 96, 7
      1  t, ME, 98, 1
      1  t, MT, 102, 3
      1  t, MT, 130, 7
      1  t, MT, 131, 3
      1  t, MT, 15, 1
      1  t, MT, 158, 2
      1  t, MT, 169, 2
      1  t, MT, 170, 6
      1  t, MT, 17, 4
      1  t, MT, 178, 7
      1  t, MT, 187, 5
      1  t, MT, 41, 7
      1  t, PE, 65, 4
      1  t, PH, 107, 8
      1  t, PH, 109, 5
      1  t, PH, 113, 1
      1  t, PH, 118, 8
      1  t, PH, 119, 2
      1  t, PH, 139, 8
      1  t, PH, 146, 2
      1  t, PH, 153, 6
      1  t, PH, 16, 7
      1  t, PH, 175, 7
      1  t, PH, 177, 1
      1  t, PH, 178, 7
      1  t, PH, 184, 3
      1  t, PH, 187, 5
      1  t, PH, 192, 6
      1  t, PH, 193, 7
      1  t, PH, 22, 6
      1  t, PH, 23, 1
      1  t, PH, 3, 2
      1  t, PH, 48, 8
      1  t, PH, 57, 2
      1  t, PH, 63, 7
      1  t, PH, 73, 2
      1  t, PH, 7, 5
      1  t, PH, 78, 3
      1  t, PH, 81, 3
      1  t, PH, 97, 6
      1  t, PI, 122, 7
      1  t, PI, 141, 4
      1  t, PI, 150, 6
      1  t, PI, 154, 8
      1  t, PI, 158, 2
      1  t, PI, 178, 7
      1  t, PI, 19, 2
      1  t, PI, 23, 1
      1  t, PI, 33, 5
      1  t, PI, 38, 6
      1  t, PI, 41, 7
      1  t, PI, 44, 7
      1  t, PI, 73, 2
      1  t, PI, 8, 5
      1  t, TF, 141, 4
      1  t, TF, 155, 7
      1  t, TF, 29, 6
      1  t, TF, 76, 3
      1  t, XE, 121, 1
      1  t, XE, 123, 2
      1  t, XE, 132, 8
      1  t, XE, 141, 4
      1  t, XE, 144, 7
      1  t, XE, 15, 1
      1  t, XE, 19, 2
      1  t, XE, 24, 7
      1  t, XE, 3, 2
      1  t, XE, 54, 7
      1  t, XE, 66, 5
      1  t, XL, 100, 6
      1  t, XL, 105, 1
      1  t, XL, 112, 2
      1  t, XL, 117, 8
      1  t, XL, 123, 2
      1  t, XL, 126, 2
      1  t, XL, 13, 8
      1  t, XL, 140, 8
      1  t, XL, 146, 2
      1  t, XL, 158, 2
      1  t, XL, 167, 2
      1  t, XL, 175, 7
      1  t, XL, 188, 7
      1  t, XL, 19, 2
      1  t, XL, 3, 2
      1  t, XL, 39, 8
      1  t, XL, 41, 7
      1  t, XL, 56, 3
      1  t, XL, 57, 2
      1  t, XL, 65, 4
      1  t, XL, 66, 5
      1  t, XL, 72, 1
      1  t, XL, 76, 3
      1  t, XL, 78, 3
      1  t, XL, 8, 5
      1  t, XL, 90, 5
      1  t, XL, 97, 6
      2  t, AE, 100, 6
      2  t, AE, 41, 7
      2  t, AG, 67, 8
      2  t, AG, 73, 2
      2  t, AR, 123, 2
      2  t, AR, 141, 4
      2  t, AR, 146, 2
      2  t, BT, 119, 2
      2  t, BT, 147, 6
      2  t, BT, 17, 4
      2  t, CE, 111, 7
      2  t, CE, 121, 1
      2  t, CE, 130, 7
      2  t, CE, 137, 8
      2  t, CE, 139, 8
      2  t, CE, 153, 6
      2  t, CE, 155, 7
      2  t, CE, 156, 6
      2  t, CE, 157, 2
      2  t, CE, 167, 2
      2  t, CE, 172, 2
      2  t, CE, 173, 7
      2  t, CE, 181, 1
      2  t, CE, 186, 2
      2  t, CE, 201, 6
      2  t, CE, 25, 5
      2  t, CE, 26, 8
      2  t, CE, 35, 2
      2  t, CE, 38, 6
      2  t, CE, 4, 2
      2  t, CE, 58, 4
      2  t, CE, 6, 1
      2  t, CE, 7, 5
      2  t, CE, 92, 7
      2  t, CE, 99, 2
      2  t, CH, 118, 8
      2  t, CH, 128, 2
      2  t, CH, 1, 4
      2  t, CH, 173, 7
      2  t, CH, 178, 7
      2  t, CH, 193, 7
      2  t, CH, 23, 1
      2  t, CH, 71, 6
      2  t, CH, 76, 3
      2  t, CH, 79, 8
      2  t, CS, 103, 1
      2  t, CS, 116, 3
      2  t, CS, 151, 2
      2  t, CS, 168, 8
      2  t, CS, 186, 2
      2  t, CS, 46, 6
      2  t, CS, 56, 3
      2  t, CS, 57, 2
      2  t, CS, 6, 1
      2  t, CS, 62, 1
      2  t, CS, 70, 3
      2  t, CS, 71, 6
      2  t, CS, 83, 3
      2  t, CS, 9, 1
      2  t, CS, 95, 1
      2  t, CY, 146, 2
      2  t, CY, 186, 2
      2  t, CY, 34, 6
      2  t, CY, 38, 6
      2  t, CY, 39, 8
      2  t, CY, 41, 7
      2  t, CY, 78, 3
      2  t, CY, 81, 3
      2  t, CY, 8, 5
      2  t, CY, 90, 5
      2  t, EC, 104, 1
      2  t, EC, 113, 1
      2  t, EC, 114, 1
      2  t, EC, 121, 1
      2  t, EC, 125, 7
      2  t, EC, 130, 7
      2  t, EC, 140, 8
      2  t, EC, 164, 4
      2  t, EC, 170, 6
      2  t, EC, 171, 4
      2  t, EC, 172, 2
      2  t, EC, 177, 1
      2  t, EC, 179, 7
      2  t, EC, 184, 3
      2  t, EC, 190, 7
      2  t, EC, 5, 3
      2  t, EC, 53, 6
      2  t, EC, 54, 7
      2  t, EC, 60, 2
      2  t, EC, 6, 1
      2  t, EC, 64, 3
      2  t, EC, 69, 1
      2  t, EC, 74, 1
      2  t, EC, 7, 5
      2  t, EC, 84, 4
      2  t, EC, 89, 1
      2  t, EE, 110, 8
      2  t, EE, 111, 7
      2  t, EE, 114, 1
      2  t, EE, 120, 1
      2  t, EE, 139, 8
      2  t, EE, 1, 4
      2  t, EE, 151, 2
      2  t, EE, 156, 6
      2  t, EE, 158, 2
      2  t, EE, 167, 2
      2  t, EE, 168, 8
      2  t, EE, 171, 4
      2  t, EE, 188, 7
      2  t, EE, 19, 2
      2  t, EE, 29, 6
      2  t, EE, 30, 2
      2  t, EE, 32, 6
      2  t, EE, 37, 3
      2  t, EE, 45, 7
      2  t, GG, 152, 8
      2  t, IN, 119, 2
      2  t, IN, 146, 2
      2  t, IN, 23, 1
      2  t, IN, 33, 5
      2  t, IN, 34, 6
      2  t, IN, 41, 7
      2  t, IN, 71, 6
      2  t, MA, 141, 4
      2  t, MA, 152, 8
      2  t, MA, 187, 5
      2  t, MA, 34, 6
      2  t, MA, 73, 2
      2  t, ME, 111, 7
      2  t, ME, 11, 8
      2  t, ME, 122, 7
      2  t, ME, 133, 7
      2  t, ME, 151, 2
      2  t, ME, 154, 8
      2  t, ME, 162, 3
      2  t, ME, 179, 7
      2  t, ME, 29, 6
      2  t, ME, 32, 6
      2  t, ME, 36, 1
      2  t, ME, 47, 1
      2  t, ME, 69, 1
      2  t, ME, 71, 6
      2  t, ME, 7, 5
      2  t, ME, 83, 3
      2  t, ME, 85, 7
      2  t, MT, 119, 2
      2  t, MT, 146, 2
      2  t, MT, 152, 8
      2  t, MT, 153, 6
      2  t, MT, 159, 2
      2  t, MT, 189, 6
      2  t, MT, 192, 6
      2  t, MT, 193, 7
      2  t, MT, 78, 3
      2  t, MT, 97, 6
      2  t, PE, 86, 6
      2  t, PH, 21, 3
      2  t, PH, 34, 6
      2  t, PH, 41, 7
      2  t, PH, 76, 3
      2  t, PI, 131, 3
      2  t, PI, 146, 2
      2  t, PI, 50, 4
      2  t, TF, 90, 5
      2  t, XE, 100, 6
      2  t, XE, 119, 2
      2  t, XE, 187, 5
      2  t, XE, 97, 6
      2  t, XL, 141, 4
      2  t, XL, 152, 8
      2  t, XL, 23, 1
      2  t, XL, 49, 3
      2  t, XL, 7, 5
      3  t, AR, 109, 5
      3  t, AR, 189, 6
      3  t, BT, 117, 8
      3  t, BT, 187, 5
      3  t, BT, 23, 1
      3  t, BT, 41, 7
      3  t, CE, 101, 1
      3  t, CE, 105, 1
      3  t, CE, 106, 1
      3  t, CE, 118, 8
      3  t, CE, 124, 7
      3  t, CE, 128, 2
      3  t, CE, 140, 8
      3  t, CE, 15, 1
      3  t, CE, 166, 8
      3  t, CE, 184, 3
      3  t, CE, 192, 6
      3  t, CE, 29, 6
      3  t, CE, 31, 6
      3  t, CE, 46, 6
      3  t, CE, 47, 1
      3  t, CE, 5, 3
      3  t, CE, 53, 6
      3  t, CE, 55, 7
      3  t, CE, 62, 1
      3  t, CE, 64, 3
      3  t, CE, 70, 3
      3  t, CE, 82, 6
      3  t, CH, 141, 4
      3  t, CH, 187, 5
      3  t, CH, 2, 5
      3  t, CH, 50, 4
      3  t, CS, 110, 8
      3  t, CS, 118, 8
      3  t, CS, 121, 1
      3  t, CS, 126, 2
      3  t, CS, 164, 4
      3  t, CS, 181, 1
      3  t, CS, 188, 7
      3  t, CS, 201, 6
      3  t, CS, 25, 5
      3  t, CS, 26, 8
      3  t, CS, 60, 2
      3  t, CS, 7, 5
      3  t, CS, 99, 2
      3  t, CY, 152, 8
      3  t, CY, 187, 5
      3  t, CY, 48, 8
      3  t, EC, 101, 1
      3  t, EC, 102, 3
      3  t, EC, 12, 2
      3  t, EC, 122, 7
      3  t, EC, 124, 7
      3  t, EC, 126, 2
      3  t, EC, 1, 4
      3  t, EC, 149, 2
      3  t, EC, 154, 8
      3  t, EC, 155, 7
      3  t, EC, 163, 4
      3  t, EC, 175, 7
      3  t, EC, 188, 7
      3  t, EC, 19, 2
      3  t, EC, 201, 6
      3  t, EC, 24, 7
      3  t, EC, 2, 5
      3  t, EC, 47, 1
      3  t, EC, 61, 7
      3  t, EC, 62, 1
      3  t, EC, 80, 2
      3  t, EC, 9, 1
      3  t, EE, 116, 3
      3  t, EE, 127, 2
      3  t, EE, 133, 7
      3  t, EE, 155, 7
      3  t, EE, 169, 2
      3  t, EE, 170, 6
      3  t, EE, 186, 2
      3  t, EE, 20, 1
      3  t, EE, 39, 8
      3  t, EE, 53, 6
      3  t, EE, 54, 7
      3  t, GG, 73, 2
      3  t, IN, 17, 4
      3  t, IN, 65, 4
      3  t, IN, 73, 2
      3  t, ME, 110, 8
      3  t, ME, 114, 1
      3  t, ME, 116, 3
      3  t, ME, 138, 8
      3  t, ME, 144, 7
      3  t, ME, 157, 2
      3  t, ME, 166, 8
      3  t, ME, 168, 8
      3  t, ME, 172, 2
      3  t, ME, 175, 7
      3  t, ME, 180, 7
      3  t, ME, 183, 3
      3  t, ME, 45, 7
      3  t, ME, 46, 6
      3  t, ME, 5, 3
      3  t, ME, 63, 7
      3  t, ME, 72, 1
      3  t, ME, 79, 8
      3  t, ME, 80, 2
      3  t, MN, 187, 5
      3  t, MT, 100, 6
      3  t, MT, 150, 6
      3  t, MT, 73, 2
      3  t, MT, 85, 7
      3  t, MT, 90, 5
      3  t, PH, 117, 8
      3  t, PH, 180, 7
      3  t, PH, 90, 5
      3  t, XL, 109, 5
      3  t, XL, 81, 3
      4  t, AR, 131, 3
      4  t, BT, 109, 5
      4  t, BT, 131, 3
      4  t, BT, 90, 5
      4  t, CE, 107, 8
      4  t, CE, 114, 1
      4  t, CE, 117, 8
      4  t, CE, 132, 8
      4  t, CE, 147, 6
      4  t, CE, 164, 4
      4  t, CE, 169, 2
      4  t, CE, 178, 7
      4  t, CE, 44, 7
      4  t, CE, 66, 5
      4  t, CE, 67, 8
      4  t, CE, 68, 8
      4  t, CE, 71, 6
      4  t, CE, 85, 7
      4  t, CE, 86, 6
      4  t, CH, 169, 2
      4  t, CH, 7, 5
      4  t, CH, 78, 3
      4  t, CS, 105, 1
      4  t, CS, 106, 1
      4  t, CS, 111, 7
      4  t, CS, 133, 7
      4  t, CS, 1, 4
      4  t, CS, 148, 6
      4  t, CS, 15, 1
      4  t, CS, 171, 4
      4  t, CS, 173, 7
      4  t, CS, 180, 7
      4  t, CS, 184, 3
      4  t, CS, 194, 8
      4  t, CS, 21, 3
      4  t, CS, 2, 5
      4  t, CS, 38, 6
      4  t, CS, 54, 7
      4  t, CS, 59, 8
      4  t, CS, 67, 8
      4  t, CS, 72, 1
      4  t, CS, 80, 2
      4  t, CS, 84, 4
      4  t, CS, 87, 4
      4  t, CS, 92, 7
      4  t, CY, 159, 2
      4  t, CY, 192, 6
      4  t, EC, 127, 2
      4  t, EC, 134, 1
      4  t, EC, 14, 2
      4  t, EC, 181, 1
      4  t, EC, 20, 1
      4  t, EC, 43, 7
      4  t, EC, 46, 6
      4  t, EC, 68, 8
      4  t, EC, 72, 1
      4  t, EC, 81, 3
      4  t, EC, 99, 2
      4  t, EE, 102, 3
      4  t, EE, 12, 2
      4  t, EE, 14, 2
      4  t, EE, 144, 7
      4  t, EE, 164, 4
      4  t, EE, 179, 7
      4  t, EE, 183, 3
      4  t, EE, 201, 6
      4  t, EE, 22, 6
      4  t, EE, 2, 5
      4  t, EE, 25, 5
      4  t, EE, 38, 6
      4  t, EE, 59, 8
      4  t, EE, 68, 8
      4  t, IN, 109, 5
      4  t, IN, 141, 4
      4  t, MA, 90, 5
      4  t, ME, 102, 3
      4  t, ME, 107, 8
      4  t, ME, 126, 2
      4  t, ME, 140, 8
      4  t, ME, 15, 1
      4  t, ME, 153, 6
      4  t, ME, 163, 4
      4  t, ME, 173, 7
      4  t, ME, 184, 3
      4  t, ME, 20, 1
      4  t, ME, 25, 5
      4  t, ME, 4, 2
      4  t, ME, 54, 7
      4  t, ME, 56, 3
      4  t, ME, 57, 2
      4  t, ME, 70, 3
      4  t, ME, 92, 7
      4  t, PH, 159, 2
      5  t, CE, 159, 2
      5  t, CE, 193, 7
      5  t, CE, 3, 2
      5  t, CE, 45, 7
      5  t, CE, 79, 8
      5  t, CE, 80, 2
      5  t, CH, 100, 6
      5  t, CH, 119, 2
      5  t, CH, 146, 2
      5  t, CH, 41, 7
      5  t, CS, 12, 2
      5  t, CS, 155, 7
      5  t, CS, 157, 2
      5  t, CS, 158, 2
      5  t, CS, 167, 2
      5  t, CS, 169, 2
      5  t, CS, 4, 2
      5  t, CS, 64, 3
      5  t, CS, 79, 8
      5  t, CY, 131, 3
      5  t, CY, 7, 5
      5  t, CY, 97, 6
      5  t, EC, 107, 8
      5  t, EC, 132, 8
      5  t, EC, 167, 2
      5  t, EC, 26, 8
      5  t, EC, 79, 8
      5  t, EE, 106, 1
      5  t, EE, 107, 8
      5  t, EE, 124, 7
      5  t, EE, 148, 6
      5  t, EE, 153, 6
      5  t, EE, 3, 2
      5  t, EE, 48, 8
      5  t, EE, 85, 7
      5  t, GG, 187, 5
      5  t, IN, 100, 6
      5  t, ME, 105, 1
      5  t, ME, 112, 2
      5  t, ME, 14, 2
      5  t, ME, 148, 6
      5  t, ME, 164, 4
      5  t, ME, 167, 2
      5  t, ME, 201, 6
      5  t, ME, 22, 6
      5  t, ME, 27, 1
      5  t, ME, 86, 6
      5  t, ME, 87, 4
      5  t, MT, 50, 4
      6  t, AR, 33, 5
      6  t, CE, 177, 1
      6  t, CE, 180, 7
      6  t, CE, 19, 2
      6  t, CE, 65, 4
      6  t, CE, 83, 3
      6  t, CH, 152, 8
      6  t, CH, 65, 4
      6  t, CH, 73, 2
      6  t, CS, 114, 1
      6  t, CS, 117, 8
      6  t, CS, 11, 8
      6  t, CS, 172, 2
      6  t, CS, 193, 7
      6  t, EC, 105, 1
      6  t, EC, 136, 3
      6  t, EC, 148, 6
      6  t, EC, 15, 1
      6  t, EC, 157, 2
      6  t, EC, 178, 7
      6  t, EC, 186, 2
      6  t, EC, 193, 7
      6  t, EC, 32, 6
      6  t, EC, 44, 7
      6  t, EC, 56, 3
      6  t, EC, 66, 5
      6  t, EC, 82, 6
      6  t, EC, 85, 7
      6  t, EC, 96, 7
      6  t, EE, 178, 7
      6  t, EE, 44, 7
      6  t, EE, 63, 7
      6  t, EE, 67, 8
      6  t, EE, 83, 3
      6  t, EE, 87, 4
      6  t, EE, 92, 7
      6  t, IN, 131, 3
      6  t, ME, 118, 8
      6  t, ME, 121, 1
      6  t, ME, 128, 2
      6  t, ME, 149, 2
      6  t, ME, 150, 6
      6  t, ME, 19, 2
      6  t, ME, 26, 8
      6  t, ME, 39, 8
      6  t, ME, 64, 3
      6  t, ME, 67, 8
      6  t, ME, 68, 8
      6  t, ME, 99, 2
      6  t, MT, 82, 6
      6  t, PH, 100, 6
      7  t, CE, 12, 2
      7  t, CE, 187, 5
      7  t, CE, 23, 1
      7  t, CE, 39, 8
      7  t, CE, 49, 3
      7  t, CH, 109, 5
      7  t, CH, 33, 5
      7  t, CS, 107, 8
      7  t, CS, 144, 7
      7  t, CS, 178, 7
      7  t, CS, 189, 6
      7  t, CS, 31, 6
      7  t, CS, 48, 8
      7  t, CS, 63, 7
      7  t, CS, 77, 5
      7  t, CS, 86, 6
      7  t, CY, 100, 6
      7  t, EC, 117, 8
      7  t, EC, 128, 2
      7  t, EC, 147, 6
      7  t, EC, 152, 8
      7  t, EC, 180, 7
      7  t, EC, 25, 5
      7  t, EC, 3, 2
      7  t, EC, 59, 8
      7  t, EC, 63, 7
      7  t, EC, 65, 4
      7  t, EC, 92, 7
      7  t, EE, 105, 1
      7  t, EE, 119, 2
      7  t, EE, 132, 8
      7  t, EE, 146, 2
      7  t, EE, 147, 6
      7  t, EE, 15, 1
      7  t, EE, 152, 8
      7  t, EE, 46, 6
      7  t, EE, 66, 5
      7  t, EE, 7, 5
      7  t, EE, 82, 6
      7  t, EE, 97, 6
      7  t, ME, 12, 2
      7  t, ME, 132, 8
      7  t, ME, 158, 2
      7  t, ME, 188, 7
      7  t, ME, 31, 6
      7  t, ME, 38, 6
      8  t, CE, 102, 3
      8  t, CE, 119, 2
      8  t, CE, 1, 4
      8  t, CE, 97, 6
      8  t, CH, 97, 6
      8  t, CS, 127, 2
      8  t, CS, 3, 2
      8  t, CS, 65, 4
      8  t, EC, 111, 7
      8  t, EC, 153, 6
      8  t, EC, 34, 6
      8  t, EC, 39, 8
      8  t, EC, 86, 6
      8  t, EC, 97, 6
      8  t, EE, 157, 2
      8  t, EE, 65, 4
      8  t, EE, 81, 3
      8  t, EE, 8, 5
      8  t, MA, 131, 3
      8  t, ME, 2, 5
      8  t, ME, 44, 7
      8  t, ME, 66, 5
      8  t, PH, 131, 3
      9  t, CE, 152, 8
      9  t, CE, 189, 6
      9  t, CE, 50, 4
      9  t, CS, 140, 8
      9  t, CS, 152, 8
      9  t, CS, 78, 3
      9  t, CY, 73, 2
      9  t, EC, 144, 7
      9  t, EC, 169, 2
      9  t, EC, 17, 4
      9  t, EC, 189, 6
      9  t, EC, 50, 4
      9  t, EE, 180, 7
      9  t, EE, 31, 6
      9  t, EE, 96, 7
      9  t, ME, 147, 6
      9  t, ME, 59, 8
      9  t, ME, 76, 3
     10  t, CE, 150, 6
     10  t, CE, 48, 8
     10  t, CE, 77, 5
     10  t, CE, 81, 3
     10  t, CE, 8, 5
     10  t, CS, 147, 6
     10  t, CS, 19, 2
     10  t, CS, 81, 3
     10  t, EE, 189, 6
     10  t, EE, 49, 3
     10  t, ME, 3, 2
     10  t, XL, 187, 5
     11  t, CE, 123, 2
     11  t, CE, 17, 4
     11  t, CE, 2, 5
     11  t, CE, 76, 3
     11  t, CH, 123, 2
     11  t, CS, 123, 2
     11  t, CS, 128, 2
     11  t, CS, 132, 8
     11  t, CS, 192, 6
     11  t, CS, 50, 4
     11  t, CS, 82, 6
     11  t, EC, 150, 6
     11  t, EC, 48, 8
     11  t, ME, 117, 8
     11  t, ME, 169, 2
     11  t, ME, 17, 4
     11  t, ME, 193, 7
     11  t, ME, 48, 8
     11  t, ME, 82, 6
     12  t, CS, 159, 2
     12  t, CS, 17, 4
     12  t, CS, 39, 8
     12  t, CS, 49, 3
     12  t, CS, 66, 5
     12  t, EC, 123, 2
     12  t, EC, 187, 5
     12  t, EC, 78, 3
     12  t, EE, 150, 6
     12  t, EE, 159, 2
     12  t, EE, 187, 5
     12  t, ME, 152, 8
     12  t, ME, 189, 6
     12  t, ME, 77, 5
     12  t, XL, 131, 3
     13  t, CE, 41, 7
     13  t, CE, 59, 8
     13  t, CE, 90, 5
     13  t, CS, 150, 6
     13  t, CS, 8, 5
     13  t, EC, 49, 3
     13  t, EE, 77, 5
     13  t, EE, 90, 5
     13  t, ME, 159, 2
     13  t, ME, 186, 2
     13  t, ME, 65, 4
     14  t, CE, 34, 6
     14  t, CE, 78, 3
     14  t, CH, 131, 3
     14  t, EC, 76, 3
     14  t, EC, 77, 5
     14  t, EC, 8, 5
     14  t, EE, 17, 4
     14  t, EE, 193, 7
     14  t, EE, 41, 7
     14  t, ME, 119, 2
     14  t, ME, 97, 6
     15  t, CH, 90, 5
     15  t, CS, 187, 5
     15  t, EC, 192, 6
     15  t, EE, 23, 1
     15  t, EE, 76, 3
     15  t, ME, 127, 2
     16  t, CS, 119, 2
     16  t, CS, 76, 3
     16  t, EC, 159, 2
     16  t, EE, 50, 4
     16  t, ME, 178, 7
     16  t, ME, 49, 3
     17  t, CS, 34, 6
     17  t, EE, 123, 2
     17  t, ME, 50, 4
     17  t, ME, 78, 3
     18  t, CE, 146, 2
     18  t, EE, 78, 3
     19  t, CS, 41, 7
     19  t, EC, 109, 5
     19  t, EE, 192, 6
     19  t, ME, 8, 5
     20  t, EC, 119, 2
     21  t, CS, 109, 5
     21  t, EC, 100, 6
     21  t, ME, 23, 1
     22  t, EE, 109, 5
     23  t, EC, 90, 5
     23  t, ME, 123, 2
     23  t, ME, 187, 5
     24  t, EC, 41, 7
     24  t, ME, 192, 6
     25  t, CE, 109, 5
     25  t, ME, 90, 5
     26  t, EC, 146, 2
     26  t, EE, 34, 6
     27  t, ME, 34, 6
     27  t, ME, 41, 7
     28  t, CS, 100, 6
     29  t, CS, 90, 5
     30  t, CE, 33, 5
     30  t, EC, 33, 5
     30  t, EE, 100, 6
     31  t, ME, 100, 6
     33  t, CS, 23, 1
     33  t, ME, 109, 5
     34  t, CS, 146, 2
     36  t, CE, 100, 6
     36  t, CE, 73, 2
     36  t, CS, 73, 2
     36  t, EE, 33, 5
     37  t, EC, 141, 4
     39  t, CE, 141, 4
     39  t, ME, 146, 2
     41  t, CS, 33, 5
     44  t, CS, 141, 4
     44  t, EC, 23, 1
     46  t, ME, 73, 2
     48  t, EE, 141, 4
     50  t, ME, 33, 5
     61  t, CS, 131, 3
     61  t, EC, 73, 2
     63  t, ME, 141, 4
     66  t, EE, 73, 2
     73  t, CE, 131, 3
     78  t, EE, 131, 3
     93  t, EC, 131, 3
     98  t, ME, 131, 3
